POA_CODE_2016,All_inc_NS_Emp_AW,All_inc_NS_E_T,All_inc_NS_UnE_lfw_FTW,All_inc_NS_UnE_lfw_PTW,All_inc_NS_UnE_lfw_Tot,All_inc_NS_T_LF,All_inc_NS_Notin_LF,All_inc_NS_LF_sta_NS,All_inc_NS_Tot,Tot_Emp_WFT,Tot_Emp_WPT,Tot_Emp_AW,Tot_E_T,Tot_UnE_lfw_FTW,Tot_UnE_lfw_PTW,Tot_UnE_lfw_Tot,Tot_T_LF,Tot_Notin_LF,Tot_LF_sta_NS,Tot_Tot
POA6000,0,0,0,0,0,0,3,0,3,59,35,6,100,6,3,11,106,67,0,179
POA6003,0,0,0,0,0,0,0,0,0,14,11,0,28,3,0,4,31,18,0,54
POA6004,0,0,0,0,0,0,0,0,0,57,23,5,86,9,12,15,100,61,0,158
POA6005,0,0,0,0,0,0,0,0,0,36,17,0,49,3,5,11,62,49,3,112
POA6006,0,0,0,0,0,0,3,0,3,77,48,8,132,5,8,15,151,83,0,231
POA6007,0,0,0,0,0,0,0,0,0,74,34,5,117,3,4,11,124,52,0,178
POA6008,0,4,0,0,0,4,0,0,5,181,112,8,299,12,12,27,327,114,3,444
POA6009,0,3,0,0,0,3,0,0,3,141,92,6,240,11,13,22,261,146,0,403
POA6010,0,3,0,0,0,3,3,0,3,189,124,11,320,9,17,27,349,163,4,509
POA6011,0,0,0,0,0,0,4,0,4,66,83,8,151,4,3,7,155,78,0,239
POA6012,0,0,0,0,0,0,0,0,3,84,73,6,166,10,6,17,180,85,3,269
POA6014,0,0,0,0,0,0,0,0,0,162,159,8,340,13,7,21,358,161,5,520
POA6015,0,0,0,0,0,0,0,0,0,52,27,0,82,0,3,4,89,64,0,152
POA6016,0,0,0,0,0,0,3,3,4,76,75,9,161,7,17,23,190,89,3,276
POA6017,0,0,0,0,0,0,0,3,3,28,27,3,60,5,6,9,76,58,3,132
POA6018,3,7,0,0,0,7,3,8,17,422,350,38,812,35,38,77,887,422,9,1321
POA6019,0,3,0,0,0,7,4,3,14,269,218,20,499,24,18,39,540,190,6,731
POA6020,0,0,0,0,0,0,4,0,11,196,169,16,379,13,15,23,408,155,3,563
POA6021,0,4,0,0,0,4,9,0,10,213,177,10,398,23,15,38,439,257,3,703
POA6022,0,0,0,0,0,0,0,0,0,83,60,10,151,5,0,12,160,64,0,220
POA6023,3,10,0,0,0,10,0,0,13,164,142,20,322,10,4,14,340,105,0,447
POA6024,0,3,0,0,0,3,4,0,5,164,153,16,338,19,5,24,360,175,0,535
POA6025,0,6,0,0,0,5,12,4,18,372,300,28,698,25,26,49,749,359,5,1119
POA6026,0,3,0,0,0,4,4,0,7,287,214,18,521,23,14,40,562,175,3,740
POA6027,6,15,0,4,3,21,3,4,32,564,375,47,983,50,46,101,1086,434,9,1526
POA6028,0,3,0,0,0,3,0,3,5,281,199,17,497,17,18,36,537,174,3,713
POA6029,0,0,0,0,0,0,0,0,0,30,14,0,46,3,0,3,48,20,0,61
POA6030,3,10,0,6,4,18,18,7,38,569,471,60,1102,105,71,174,1274,607,16,1899
POA6031,4,3,0,0,0,5,0,3,12,256,189,27,469,37,31,61,531,183,3,722
POA6032,0,0,0,0,0,0,0,0,0,3,0,0,8,0,0,0,8,0,0,8
POA6033,0,0,0,0,0,0,0,0,0,0,0,0,7,0,0,0,7,4,0,7
POA6034,0,0,0,0,0,0,0,0,0,22,20,0,35,5,0,3,44,22,0,65
POA6035,0,4,0,0,0,0,4,3,10,94,79,18,187,16,18,29,220,154,3,378
POA6036,0,0,0,0,0,5,8,7,18,266,176,36,474,35,40,69,544,244,12,795
POA6037,0,0,0,0,0,0,0,0,5,33,26,3,62,6,7,11,73,35,3,111
POA6038,0,0,0,0,0,0,0,0,0,76,66,7,147,11,14,22,169,68,0,234
POA6041,0,0,0,0,0,0,0,0,0,9,11,0,23,0,0,3,28,16,0,40
POA6042,0,0,0,0,0,0,0,0,0,0,0,0,0,0,0,0,0,0,0,3
POA6043,0,0,0,0,0,0,0,0,0,0,0,0,0,0,0,0,0,0,0,3
POA6044,0,0,0,0,0,0,0,0,0,9,5,0,20,0,0,0,24,12,0,40
POA6050,0,3,0,0,0,3,0,0,4,112,96,4,222,8,13,22,241,117,3,369
POA6051,0,3,0,0,0,3,0,0,5,122,93,8,220,16,18,33,257,125,0,377
POA6052,0,0,0,0,0,0,0,0,7,151,110,10,272,18,11,24,299,146,3,446
POA6053,0,4,0,0,0,4,8,5,13,173,145,9,325,17,14,32,352,148,4,510
POA6054,4,0,0,0,0,3,11,10,25,312,220,33,570,34,30,70,634,394,15,1046
POA6055,0,0,0,0,0,0,4,0,11,242,165,12,413,36,18,54,467,204,8,675
POA6056,3,4,3,0,4,12,20,16,52,671,441,57,1169,93,59,149,1317,751,24,2091
POA6057,3,3,0,0,0,3,0,0,4,290,181,25,498,28,19,53,549,221,3,770
POA6058,0,0,0,0,0,0,7,8,17,205,141,16,356,19,11,34,391,211,12,607
POA6059,3,3,0,0,0,3,3,3,10,263,208,31,502,21,29,56,556,334,8,896
POA6060,0,3,0,0,0,3,4,4,13,273,210,17,501,28,17,43,548,321,6,874
POA6061,3,11,5,0,5,17,25,25,61,456,395,58,906,92,78,169,1077,871,39,1981
POA6062,0,0,0,0,0,0,16,3,18,417,325,28,769,42,44,83,850,510,15,1376
POA6063,0,3,0,0,0,3,4,9,16,202,161,23,380,23,17,37,422,254,9,685
POA6064,0,4,0,0,0,7,12,12,31,436,359,39,834,58,58,115,953,704,22,1682
POA6065,5,12,0,0,0,10,5,5,28,752,551,59,1361,82,59,143,1502,573,16,2090
POA6066,0,5,0,0,0,5,6,0,7,295,224,22,538,38,24,68,603,319,3,925
POA6067,0,0,0,0,0,0,0,0,0,0,0,0,0,0,0,0,0,0,0,0
POA6068,0,0,0,0,0,0,0,0,0,0,0,0,0,0,0,0,0,0,0,0
POA6069,0,11,0,0,4,12,9,7,24,626,374,38,1035,55,55,111,1146,490,14,1644
POA6070,0,0,0,0,0,0,3,0,3,49,26,3,76,5,0,3,83,32,0,122
POA6071,0,0,0,0,0,0,0,0,0,36,28,5,76,4,3,4,78,32,0,109
POA6072,0,0,0,0,0,0,0,0,0,11,4,0,12,0,0,0,12,6,0,25
POA6073,0,0,0,0,0,0,0,0,0,35,25,3,62,3,0,6,70,36,0,100
POA6074,0,0,0,0,0,0,0,0,0,7,13,0,21,3,0,3,25,9,0,39
POA6076,4,4,0,0,0,10,4,3,13,228,183,13,424,21,15,34,459,219,7,681
POA6077,0,0,0,0,0,0,0,0,3,6,4,0,14,4,0,3,14,13,0,27
POA6078,0,0,0,0,0,0,0,0,0,7,4,0,11,0,0,0,11,12,0,23
POA6079,0,0,0,0,0,0,0,0,0,0,0,0,0,0,0,0,0,0,0,0
POA6081,0,0,0,0,0,0,0,0,0,47,31,3,89,0,3,3,90,52,0,140
POA6082,0,0,0,0,0,0,0,0,0,46,39,5,83,0,3,3,90,36,0,131
POA6083,0,3,0,0,0,3,0,0,3,20,29,5,51,0,0,7,54,27,0,82
POA6084,0,3,0,0,0,3,0,0,5,82,58,4,148,7,8,19,159,71,0,237
POA6090,0,0,0,0,0,0,0,0,0,0,0,0,0,0,0,0,0,0,0,0
POA6100,0,0,0,0,0,0,3,0,0,135,95,8,238,19,16,34,269,115,0,387
POA6101,0,3,0,0,0,3,7,7,10,169,132,3,306,29,23,51,359,194,5,559
POA6102,0,0,0,0,0,0,3,3,8,82,82,9,170,15,8,29,201,160,3,363
POA6103,0,0,0,0,0,3,5,6,11,92,58,9,164,13,14,25,187,137,9,332
POA6104,0,4,0,0,0,3,3,3,13,164,122,13,299,14,21,37,340,215,9,563
POA6105,0,7,0,0,0,8,5,3,10,166,124,16,310,29,25,52,359,292,9,660
POA6106,0,0,0,0,0,0,0,0,0,0,0,0,0,0,0,0,0,0,0,0
POA6107,0,5,0,0,0,5,15,9,27,472,318,45,828,57,47,107,936,583,13,1530
POA6108,0,0,0,0,0,3,0,9,14,310,194,23,529,39,39,83,607,365,8,983
POA6109,0,3,0,0,0,3,3,3,13,149,98,15,263,26,23,52,312,255,14,576
POA6110,0,18,3,0,3,15,15,12,50,527,401,31,958,90,67,152,1117,672,20,1811
POA6111,3,9,0,0,0,9,11,3,19,308,261,37,609,45,38,86,694,411,9,1111
POA6112,3,10,0,4,4,12,28,16,58,708,571,64,1345,128,108,237,1586,979,23,2589
POA6121,0,0,0,0,0,0,0,0,0,29,14,0,42,0,3,3,52,28,0,73
POA6122,3,7,0,0,0,7,5,4,13,208,164,26,394,22,23,49,440,166,6,616
POA6123,0,0,0,0,0,0,0,0,0,11,15,0,26,4,0,4,34,20,0,52
POA6124,0,0,0,0,0,0,0,0,0,8,13,0,24,0,0,3,30,13,0,46
POA6125,0,0,0,0,0,0,0,0,0,17,21,4,44,3,0,5,49,34,0,84
POA6126,0,0,0,0,0,0,0,0,0,0,3,0,5,0,0,0,5,0,0,4
POA6147,0,4,0,0,0,4,3,4,7,207,137,18,368,23,22,43,411,311,11,731
POA6148,0,0,0,0,0,0,0,0,4,204,159,24,389,14,11,29,416,216,3,631
POA6149,0,0,0,0,3,3,0,3,6,204,146,14,360,17,14,27,387,171,3,559
POA6150,0,0,0,0,0,0,0,0,0,113,93,13,211,5,13,15,226,137,0,361
POA6151,0,0,0,0,0,0,3,3,4,119,103,11,232,14,9,21,257,150,4,410
POA6152,0,0,0,0,0,0,0,7,13,278,212,12,501,35,18,49,555,305,12,871
POA6153,0,3,0,3,3,9,3,0,15,231,145,10,390,11,22,32,422,222,7,647
POA6154,0,0,0,0,0,0,0,3,5,123,91,12,227,5,8,15,239,109,7,349
POA6155,0,10,0,0,0,10,7,0,14,594,389,40,1020,43,52,97,1117,441,7,1565
POA6156,4,8,3,0,3,9,6,3,15,208,159,19,390,16,14,34,425,270,3,697
POA6157,3,5,0,0,0,5,6,0,9,205,157,13,381,14,15,23,407,155,0,561
POA6158,0,0,0,0,0,0,0,0,3,73,80,5,159,3,0,7,164,60,0,231
POA6159,0,0,0,0,0,0,0,0,0,35,38,3,70,3,4,9,78,26,0,106
POA6160,0,0,0,0,0,0,0,3,3,91,78,3,169,4,11,14,181,97,3,286
POA6161,0,0,0,0,0,0,0,0,0,0,0,0,0,0,0,0,0,0,0,0
POA6162,0,3,0,0,0,3,0,0,7,119,112,13,245,18,19,32,280,180,10,467
POA6163,0,8,0,0,0,9,16,18,43,669,593,54,1313,62,68,133,1440,851,27,2321
POA6164,5,12,3,0,3,16,15,3,35,741,543,65,1345,81,58,144,1491,583,11,2077
POA6165,0,0,0,0,0,0,0,0,0,0,0,0,0,0,0,0,0,0,0,0
POA6166,0,5,0,0,0,5,3,0,4,102,79,9,187,7,9,20,200,100,0,296
POA6167,3,3,3,0,3,6,10,4,24,331,256,34,617,87,53,143,760,544,15,1323
POA6168,0,7,0,0,0,7,11,8,29,319,250,33,602,71,42,110,709,515,18,1241
POA6169,3,10,0,0,0,8,11,4,30,459,380,41,873,87,55,145,1017,627,14,1652
POA6170,0,0,0,0,0,0,3,0,4,160,116,9,284,31,33,61,340,189,3,534
POA6171,0,5,0,0,0,3,3,5,15,346,262,38,641,52,36,87,727,294,8,1026
POA6172,0,6,0,0,0,6,0,3,9,193,152,24,371,38,27,60,426,235,3,670
POA6173,0,3,0,0,0,3,0,0,3,129,112,12,258,22,19,36,291,99,0,397
POA6174,0,0,0,0,0,3,0,0,3,61,61,3,117,14,12,21,141,49,0,197
POA6175,0,0,0,0,0,0,0,0,4,47,31,5,83,3,12,9,95,48,0,145
POA6176,0,0,0,0,0,0,0,0,0,16,10,0,20,4,3,4,24,12,0,37
POA6180,0,0,0,0,0,0,0,0,0,63,55,4,126,7,13,18,143,72,0,210
POA6181,0,0,0,0,0,0,0,0,0,3,0,0,3,0,0,0,3,6,0,13
POA6182,0,0,0,0,0,0,0,0,0,0,0,0,0,0,0,0,0,0,0,0
POA6207,0,0,0,0,0,0,0,0,0,4,3,0,6,0,0,0,7,9,0,23
POA6208,0,3,0,0,0,3,6,3,13,104,126,15,239,27,16,45,286,232,3,525
POA6209,0,0,0,0,0,0,0,0,0,18,17,0,36,4,3,7,37,34,0,79
POA6210,3,16,4,0,4,19,31,11,64,704,703,93,1503,137,115,250,1751,1299,25,3079
POA6211,0,0,0,0,0,0,0,0,0,67,70,10,142,14,18,31,176,94,3,274
POA6213,0,0,0,0,0,0,0,0,0,6,3,0,6,3,0,3,10,17,0,32
POA6214,0,0,0,0,0,0,0,0,0,4,3,0,7,0,0,3,9,7,0,17
POA6215,0,0,0,0,0,0,4,3,9,40,36,12,85,10,6,15,105,58,3,167
POA6218,0,0,0,0,0,0,0,0,0,0,7,0,9,0,0,0,9,0,0,8
POA6220,0,0,0,0,0,0,0,0,3,33,32,6,76,7,3,11,84,62,0,149
POA6221,0,0,0,0,0,0,0,0,0,0,3,0,3,0,0,0,3,3,0,9
POA6223,0,0,0,0,0,0,0,0,0,0,4,0,9,0,0,0,9,0,0,8
POA6224,0,0,0,0,0,0,0,0,0,10,15,4,26,6,0,3,30,25,0,55
POA6225,0,0,0,0,0,0,4,3,6,60,81,6,154,28,14,40,196,180,5,374
POA6226,0,0,0,0,0,0,0,0,0,7,7,0,12,0,0,0,10,11,0,18
POA6227,0,0,0,0,0,0,0,0,0,3,8,0,12,0,0,0,17,6,0,18
POA6228,0,0,0,0,0,0,0,0,0,0,0,0,3,0,0,0,3,0,0,3
POA6229,0,0,0,0,0,0,0,0,0,0,0,0,3,0,0,0,3,0,0,4
POA6230,3,4,0,3,4,9,19,9,42,548,516,52,1120,81,84,161,1282,744,34,2055
POA6232,0,3,0,0,0,3,0,0,5,120,140,16,283,15,18,29,312,144,4,454
POA6233,0,3,0,0,0,5,8,0,9,181,207,19,410,34,25,50,459,188,0,649
POA6236,0,0,0,0,0,0,0,0,0,16,26,5,47,3,3,5,52,10,0,65
POA6237,0,0,0,0,0,0,0,0,0,28,20,0,51,0,3,3,53,27,0,78
POA6239,0,0,0,0,0,0,3,0,3,20,28,7,55,4,6,16,70,54,0,120
POA6240,0,0,0,0,0,0,0,0,0,0,3,0,3,0,0,0,3,3,0,3
POA6243,0,0,0,0,0,0,0,0,0,0,4,0,4,0,0,0,4,0,0,5
POA6244,0,0,0,0,0,0,0,0,0,3,9,4,22,0,3,3,18,15,0,38
POA6251,0,0,0,0,0,0,0,0,0,3,3,0,9,0,0,0,11,6,0,11
POA6252,0,0,0,0,0,0,0,0,0,0,0,0,0,0,0,0,0,3,0,3
POA6253,0,0,0,0,0,0,0,0,0,4,8,0,9,0,0,4,18,3,0,21
POA6254,0,0,0,0,0,0,0,0,0,10,0,3,13,0,0,0,18,12,0,28
POA6255,0,0,0,0,0,0,0,0,0,31,31,3,64,0,4,5,72,44,0,114
POA6256,0,0,0,0,0,0,0,0,0,0,4,0,4,0,0,0,4,0,0,4
POA6258,0,0,0,0,0,0,0,5,8,60,70,8,145,11,10,22,165,98,4,267
POA6260,0,0,0,0,0,0,0,0,0,18,10,0,25,0,4,4,31,15,0,46
POA6262,0,0,0,0,0,0,0,0,0,5,3,0,8,0,0,0,13,11,0,24
POA6271,0,0,0,0,0,0,0,3,3,29,38,6,77,0,5,6,81,67,3,152
POA6275,0,0,0,0,0,0,0,0,3,7,14,3,22,0,3,3,22,19,0,41
POA6280,0,0,0,0,0,4,12,3,22,289,333,27,652,34,42,78,724,372,7,1103
POA6281,0,4,0,0,0,4,0,0,3,49,81,11,139,3,5,10,152,48,0,201
POA6282,0,0,0,0,0,0,0,0,0,7,5,0,15,0,0,0,15,8,0,25
POA6284,0,0,0,0,0,0,0,0,0,15,32,3,49,3,0,3,54,13,0,65
POA6285,0,0,0,0,0,0,3,0,4,123,139,15,275,6,3,10,286,96,0,383
POA6286,0,0,0,0,0,0,0,0,0,6,4,0,5,0,0,0,8,6,0,12
POA6288,0,0,0,0,0,0,0,0,0,3,3,0,3,0,3,3,7,10,0,15
POA6290,0,0,0,0,0,0,0,0,0,7,11,3,24,3,3,3,28,19,0,52
POA6302,0,0,0,0,0,0,0,0,0,33,30,3,64,3,6,9,75,55,0,136
POA6304,0,0,0,0,0,0,0,0,0,6,13,0,21,0,0,0,23,22,0,45
POA6306,0,0,0,0,0,0,0,0,3,9,3,0,10,3,4,3,10,12,3,30
POA6308,0,0,0,0,0,0,0,0,3,10,8,3,18,3,3,8,23,26,0,52
POA6309,0,0,0,0,0,0,0,0,0,0,0,0,0,0,0,0,0,3,0,3
POA6311,0,0,0,0,0,0,0,0,0,3,4,0,8,0,0,0,7,0,0,6
POA6312,0,0,0,0,0,0,7,0,11,53,53,3,112,3,6,6,123,94,6,218
POA6313,0,0,0,0,0,0,0,0,0,3,0,0,0,0,0,0,3,3,0,3
POA6315,0,0,0,0,0,0,0,0,0,9,14,0,27,3,5,7,34,36,0,70
POA6316,0,0,0,0,0,0,0,0,0,5,3,0,6,0,0,0,6,5,0,9
POA6317,0,0,0,0,0,0,7,3,9,27,36,6,71,8,3,6,74,67,5,147
POA6318,0,0,0,0,0,0,0,0,0,0,0,3,4,0,0,0,6,6,0,20
POA6320,0,0,0,0,0,0,3,0,7,3,0,0,7,0,0,0,9,16,3,25
POA6321,0,0,0,0,0,0,0,0,0,3,0,0,7,0,0,0,7,4,0,8
POA6322,0,0,0,0,0,0,0,0,0,0,0,0,0,0,0,0,0,4,0,8
POA6323,0,0,0,0,0,0,0,0,3,7,6,0,21,0,0,0,20,18,0,40
POA6324,0,0,0,0,0,0,0,0,0,30,36,3,61,3,3,10,69,53,0,128
POA6326,0,0,0,0,0,0,0,0,0,7,5,0,10,0,0,0,7,3,0,14
POA6327,0,0,0,0,0,0,0,0,0,0,4,0,4,0,0,0,4,0,0,8
POA6328,0,0,0,0,0,0,0,0,0,0,0,0,6,0,0,0,4,6,0,10
POA6330,3,10,0,0,0,10,17,4,29,344,424,32,800,31,39,73,873,533,7,1411
POA6333,0,0,0,0,0,0,0,0,3,36,76,4,120,7,13,17,138,70,0,206
POA6335,0,0,0,0,0,0,0,0,0,3,0,0,10,3,0,3,8,13,0,22
POA6336,0,0,0,0,0,0,0,0,0,7,3,0,9,0,0,0,13,0,0,12
POA6337,0,0,0,0,0,0,0,3,3,8,9,0,16,0,0,3,20,0,3,19
POA6338,0,0,0,0,0,0,0,0,0,0,4,0,3,0,0,0,6,0,0,6
POA6341,0,0,0,0,0,0,0,0,0,0,0,0,0,0,0,0,4,0,0,4
POA6343,0,0,0,0,0,0,0,0,0,0,0,0,6,0,0,0,6,4,0,8
POA6346,0,0,0,0,0,0,0,0,0,3,0,0,5,0,0,0,5,7,0,14
POA6348,0,0,0,0,0,0,0,0,0,0,3,0,7,0,0,3,6,13,0,18
POA6350,0,0,0,0,0,0,0,0,0,3,0,0,3,0,0,0,3,3,0,10
POA6351,0,0,0,0,0,0,0,0,0,0,0,0,0,0,0,0,0,0,0,0
POA6352,0,0,0,0,0,0,0,0,0,0,0,0,0,0,0,0,4,3,0,7
POA6353,0,0,0,0,0,0,0,0,0,9,7,0,10,0,0,0,10,9,0,17
POA6355,0,0,0,0,0,0,0,0,0,0,0,0,3,0,0,0,3,3,0,6
POA6356,0,0,0,0,0,0,0,0,0,0,0,0,0,0,0,0,0,0,0,0
POA6357,0,0,0,0,0,0,0,0,0,0,0,0,0,0,0,0,0,0,0,0
POA6358,0,0,0,0,0,0,0,0,0,3,0,0,3,0,0,0,3,0,0,3
POA6359,0,0,0,0,0,0,0,0,0,0,3,0,0,0,0,0,4,0,0,4
POA6361,0,0,0,0,0,0,0,0,0,0,0,0,0,0,0,0,0,0,0,0
POA6363,0,0,0,0,0,0,0,0,0,0,0,0,0,0,0,0,0,0,0,0
POA6365,0,0,0,0,0,0,0,0,0,3,5,0,4,0,0,0,3,3,0,11
POA6367,0,0,0,0,0,0,0,0,0,0,6,0,12,0,0,0,12,5,0,13
POA6368,0,0,0,0,0,0,0,0,0,0,0,0,0,0,0,0,0,0,0,0
POA6369,0,0,0,0,0,0,0,0,0,3,4,0,9,0,0,0,9,0,0,13
POA6370,0,0,0,0,0,0,0,0,0,3,3,0,5,0,0,0,7,0,0,12
POA6372,0,0,0,0,0,0,0,0,0,0,0,0,3,0,0,0,3,3,0,3
POA6373,0,0,0,0,0,0,0,0,0,0,0,0,0,0,0,0,0,0,0,0
POA6375,0,0,0,0,0,0,0,0,0,13,4,0,15,0,3,3,20,12,0,29
POA6383,0,0,0,0,0,0,0,0,0,3,5,0,8,0,3,3,9,26,0,42
POA6384,0,0,0,0,0,0,0,0,0,0,0,0,0,0,0,0,0,0,0,0
POA6385,0,0,0,0,0,0,0,0,0,0,0,0,0,0,0,0,0,0,0,0
POA6386,0,0,0,0,0,0,0,0,0,0,0,0,0,0,0,0,0,3,0,3
POA6390,0,0,0,0,0,0,0,0,0,22,12,6,33,3,3,3,41,27,4,71
POA6391,0,0,0,0,0,0,0,0,0,9,3,0,10,0,0,0,11,7,0,27
POA6392,0,0,0,0,0,0,0,0,0,3,3,0,5,0,0,0,8,9,0,13
POA6393,0,0,0,0,0,0,0,0,0,0,0,0,3,0,0,0,3,0,0,3
POA6394,0,0,0,0,0,0,0,0,0,0,0,0,0,0,0,0,0,4,0,4
POA6395,0,0,0,0,0,0,0,0,0,18,12,0,24,0,0,0,24,26,0,53
POA6396,0,0,0,0,0,0,0,0,0,0,0,0,0,0,0,0,0,5,0,7
POA6397,0,0,0,0,0,0,0,0,0,0,4,0,4,0,0,0,4,0,0,3
POA6398,0,0,0,0,0,0,0,0,0,4,3,0,9,0,0,0,5,3,0,12
POA6401,0,0,0,3,3,4,7,3,11,91,76,3,168,13,14,28,198,166,3,368
POA6403,0,0,0,0,0,0,0,0,0,0,0,0,3,0,0,0,4,3,0,3
POA6405,0,0,0,0,0,0,0,0,0,0,0,0,3,0,0,0,3,0,0,8
POA6407,0,0,0,0,0,0,0,0,0,5,3,0,14,0,3,4,13,12,0,33
POA6409,0,0,0,0,0,0,0,0,0,3,3,0,4,0,0,0,8,6,0,11
POA6410,0,0,0,0,0,0,0,0,0,4,12,0,19,3,0,4,26,22,0,50
POA6411,0,0,0,0,0,0,0,0,0,0,0,0,0,0,0,0,0,0,0,0
POA6412,0,0,0,0,0,0,0,0,0,0,0,0,0,0,0,0,0,0,0,0
POA6413,0,0,0,0,0,0,0,0,0,0,0,0,3,0,0,0,3,0,0,4
POA6414,0,0,0,0,0,0,0,0,0,0,0,0,0,0,0,0,0,0,0,0
POA6415,0,0,0,0,0,0,3,0,3,23,28,4,57,7,3,7,66,43,3,109
POA6418,0,0,0,0,0,0,0,0,0,7,0,0,10,0,0,0,10,7,0,21
POA6419,0,0,0,0,0,0,0,0,0,0,0,0,0,0,0,0,0,0,0,0
POA6420,0,0,0,0,0,0,0,0,0,0,0,0,0,0,0,0,0,0,0,0
POA6421,0,0,0,0,0,0,0,0,0,3,0,0,0,0,0,0,3,3,0,5
POA6422,0,0,0,0,0,0,0,0,0,0,0,0,0,0,0,0,0,0,0,0
POA6423,0,0,0,0,0,0,0,0,0,0,0,0,0,0,0,0,0,0,0,4
POA6424,0,0,0,0,0,0,0,0,0,0,0,0,0,0,0,0,0,0,0,0
POA6425,0,0,0,0,0,0,0,0,0,0,0,0,0,0,0,0,0,0,0,0
POA6426,0,0,0,0,0,0,0,3,4,16,0,4,20,5,0,4,28,18,3,41
POA6427,0,0,0,0,0,0,0,0,0,0,0,0,0,0,0,0,0,0,0,0
POA6428,0,0,0,0,0,0,0,0,0,0,0,0,0,0,0,0,0,0,0,0
POA6429,0,0,0,0,0,0,0,0,3,8,5,0,16,4,0,4,24,27,0,52
POA6430,0,5,0,0,0,4,7,9,22,269,120,19,412,18,16,38,447,214,6,673
POA6431,0,0,0,0,0,0,0,0,0,8,3,0,10,5,5,9,19,24,0,45
POA6432,0,3,0,3,3,3,0,0,8,100,62,6,175,25,9,34,204,104,10,318
POA6434,0,0,0,0,0,0,0,0,0,0,0,0,0,0,0,0,0,3,0,6
POA6436,0,0,0,0,0,0,0,0,0,0,0,0,0,0,0,0,0,4,0,9
POA6437,0,0,0,0,0,0,0,0,0,10,3,0,12,0,0,0,12,0,0,12
POA6438,0,0,0,0,0,0,0,0,0,8,3,0,9,3,0,3,10,11,0,25
POA6440,0,0,0,0,0,0,0,0,0,4,0,0,8,5,0,5,9,23,0,33
POA6442,0,3,0,0,0,3,0,0,3,39,11,3,49,4,0,8,56,35,3,93
POA6443,0,0,0,0,0,0,3,0,4,6,7,0,14,4,0,7,21,16,0,38
POA6445,0,0,0,0,0,0,0,0,0,0,0,0,0,0,0,0,0,6,0,6
POA6446,0,0,0,0,0,0,0,0,0,3,0,0,3,0,0,0,3,0,0,3
POA6447,0,0,0,0,0,0,0,0,0,0,0,0,3,0,0,0,3,0,0,3
POA6448,0,0,0,0,0,0,0,0,0,0,0,0,3,0,0,0,3,3,0,8
POA6450,0,4,0,0,0,4,7,7,22,121,124,10,261,16,4,20,282,173,17,471
POA6452,0,0,0,0,0,0,0,0,0,0,0,0,0,0,0,0,0,0,0,0
POA6460,0,0,0,0,0,0,0,0,0,7,4,0,13,0,3,3,13,11,0,21
POA6461,0,0,0,0,0,0,0,0,0,3,0,0,7,0,0,0,7,15,0,18
POA6462,0,0,0,0,0,0,0,0,0,0,0,0,0,0,0,0,0,0,0,0
POA6463,0,0,0,0,0,0,0,0,0,0,0,0,0,0,0,0,0,0,0,0
POA6465,0,0,0,0,0,0,0,0,0,0,0,0,0,0,0,0,0,0,0,0
POA6466,0,0,0,0,0,0,0,0,0,0,0,0,0,0,0,0,0,0,0,0
POA6467,0,0,0,0,0,0,0,0,0,0,0,0,0,0,0,0,0,0,0,0
POA6468,0,0,0,0,0,0,0,0,0,0,0,0,3,0,0,0,3,5,0,7
POA6470,0,0,0,0,0,0,0,0,0,0,0,0,0,0,0,0,0,0,0,0
POA6472,0,0,0,0,0,0,0,0,0,0,0,0,0,0,0,0,3,0,0,4
POA6473,0,0,0,0,0,0,0,0,0,0,0,0,0,0,0,0,0,0,0,0
POA6475,0,0,0,0,0,0,0,0,0,3,4,0,12,0,0,0,11,6,0,14
POA6476,0,0,0,0,0,0,0,0,0,0,0,0,0,0,0,0,0,0,0,0
POA6477,0,0,0,0,0,0,0,0,0,0,0,0,4,0,0,0,4,6,0,10
POA6479,0,0,0,0,0,0,0,0,0,3,0,0,8,0,0,0,5,4,0,13
POA6480,0,0,0,0,0,0,0,0,0,0,0,0,0,0,0,0,0,0,0,0
POA6484,0,0,0,0,0,0,0,0,0,0,0,0,0,0,0,0,0,0,0,0
POA6485,0,0,0,0,0,0,0,0,0,3,0,0,4,0,0,0,9,6,0,14
POA6487,0,0,0,0,0,0,0,0,0,0,0,0,0,0,0,0,0,0,0,0
POA6488,0,0,0,0,0,0,0,0,0,0,0,0,0,0,0,0,0,5,0,5
POA6489,0,0,0,0,0,0,0,0,0,0,0,0,0,0,0,0,0,0,0,0
POA6490,0,0,0,0,0,0,0,0,0,0,0,0,0,0,0,0,3,3,0,5
POA6501,0,0,0,0,0,0,0,0,0,7,4,0,12,0,0,3,16,14,0,30
POA6502,0,0,0,0,0,0,0,0,0,10,8,3,16,3,0,3,17,12,0,36
POA6503,0,3,0,0,0,3,0,0,3,14,19,0,40,0,0,0,38,25,0,58
POA6504,0,0,0,0,0,0,0,0,0,0,0,0,0,0,0,0,0,0,0,3
POA6505,0,0,0,0,0,0,0,0,0,0,0,0,0,0,0,0,0,0,0,4
POA6506,0,0,0,0,0,0,0,0,0,0,0,0,0,0,0,0,0,0,0,0
POA6507,0,0,0,0,0,0,0,0,0,0,0,0,4,0,0,0,4,3,0,5
POA6509,0,0,0,0,0,0,0,0,0,0,0,0,0,0,0,0,0,0,0,0
POA6510,0,0,0,0,0,0,3,0,3,8,23,3,35,3,3,5,38,37,0,73
POA6511,0,0,0,0,0,0,0,0,0,3,4,0,3,0,0,0,3,5,0,11
POA6512,0,0,0,0,0,0,0,0,0,0,0,0,0,0,0,0,0,0,0,0
POA6513,0,0,0,0,0,0,0,0,0,0,0,0,0,0,0,0,0,7,0,4
POA6514,0,0,0,0,0,0,0,0,0,0,3,0,12,3,0,3,10,6,0,17
POA6515,0,0,0,0,0,0,0,0,0,3,0,0,3,0,0,0,3,0,0,5
POA6516,0,0,0,0,0,0,0,0,0,10,22,0,30,3,0,7,39,28,0,64
POA6517,0,0,0,0,0,0,0,0,0,3,0,0,3,0,0,0,8,0,0,6
POA6518,0,0,0,0,0,0,0,0,0,4,0,0,4,0,0,0,4,4,0,7
POA6519,0,0,0,0,0,0,0,0,0,9,0,3,17,0,0,0,16,3,0,22
POA6521,0,0,0,0,0,0,0,0,0,4,0,0,6,0,0,0,6,3,0,7
POA6522,0,0,0,0,0,0,0,0,0,3,0,0,8,3,0,3,8,9,0,12
POA6525,0,0,0,0,0,0,0,0,0,20,27,4,47,6,5,16,63,48,3,107
POA6528,0,0,0,0,0,0,0,0,0,0,3,0,3,0,0,0,5,11,0,15
POA6530,0,5,0,0,0,6,29,19,53,424,355,41,821,80,63,137,964,606,27,1596
POA6532,0,3,0,0,0,3,0,0,3,63,50,10,115,8,0,8,125,49,0,174
POA6535,0,0,0,0,0,0,0,0,0,9,7,0,19,3,0,3,16,13,0,34
POA6536,0,0,0,0,0,0,0,0,0,14,17,0,27,0,0,0,33,16,0,51
POA6537,0,0,0,0,0,0,0,0,0,4,4,0,14,0,0,0,14,3,0,16
POA6556,0,0,0,0,0,0,0,0,3,29,19,3,53,5,0,5,61,25,3,93
POA6558,0,0,0,0,0,0,0,0,0,8,11,0,18,0,0,3,25,8,0,34
POA6560,0,0,0,0,0,0,0,0,3,21,15,6,43,3,0,3,41,24,0,67
POA6562,0,0,0,0,0,0,0,0,0,12,12,0,21,0,0,0,25,20,0,46
POA6564,0,0,0,0,0,0,0,0,0,0,4,0,7,0,0,0,11,3,0,17
POA6566,0,0,0,0,0,0,3,0,3,35,28,3,61,9,5,6,68,44,0,115
POA6567,0,0,0,0,0,0,0,0,0,0,0,0,3,0,0,3,3,7,0,11
POA6568,0,0,0,0,0,0,0,0,0,0,3,0,3,0,0,0,3,3,0,4
POA6569,0,0,0,0,0,0,0,0,0,3,4,0,4,0,0,0,4,7,0,13
POA6571,0,0,0,0,0,0,0,0,0,0,0,0,0,0,0,0,0,0,0,0
POA6572,0,0,0,0,0,0,0,0,0,0,0,0,0,0,0,0,0,0,0,0
POA6574,0,0,0,0,0,0,0,0,0,0,0,0,0,0,0,0,0,0,0,0
POA6575,0,0,0,0,0,0,0,0,0,0,0,0,0,0,0,0,0,3,0,3
POA6603,0,0,0,0,0,0,0,0,0,7,11,0,16,0,3,4,22,21,0,40
POA6605,0,0,0,0,0,0,0,0,0,0,0,0,0,0,0,0,0,0,0,0
POA6606,0,0,0,0,0,0,0,0,0,3,0,0,3,0,0,0,3,3,0,9
POA6608,0,0,0,0,0,0,0,0,0,0,0,0,3,0,0,0,3,4,0,5
POA6609,0,0,0,0,0,0,0,0,0,4,3,0,9,0,0,0,14,0,0,15
POA6612,0,0,0,0,0,0,0,0,0,0,0,0,0,0,0,0,0,0,0,0
POA6613,0,0,0,0,0,0,0,0,0,0,0,0,0,0,0,0,0,0,0,0
POA6614,0,0,0,0,0,0,0,0,0,0,0,0,0,0,0,0,0,0,0,0
POA6616,0,0,0,0,0,0,0,0,0,0,0,0,0,0,0,0,0,0,0,0
POA6620,0,0,0,0,0,0,0,0,0,3,0,0,3,0,0,0,3,0,0,8
POA6623,0,0,0,0,0,0,0,0,0,7,7,0,12,0,0,3,17,10,0,27
POA6625,0,0,0,0,0,0,0,0,0,0,0,0,0,0,0,0,0,0,0,0
POA6627,0,0,0,0,0,0,0,0,0,0,0,0,0,0,0,0,0,0,0,3
POA6628,0,0,0,0,0,0,0,0,0,0,0,0,0,0,0,0,0,3,0,3
POA6630,0,0,0,0,0,0,0,0,0,12,0,3,15,0,0,3,19,15,0,32
POA6631,0,0,0,0,0,0,0,0,0,0,0,0,0,0,0,0,0,0,0,0
POA6632,0,0,0,0,0,0,0,0,0,0,0,0,0,0,0,0,0,0,0,0
POA6635,0,0,0,0,0,0,3,0,3,0,4,0,3,0,0,0,3,3,0,6
POA6638,0,0,0,0,0,0,0,0,0,3,0,0,5,0,3,3,6,10,0,13
POA6639,0,0,0,0,0,0,0,0,0,0,0,0,0,0,0,0,0,0,0,0
POA6640,0,0,0,0,0,0,0,0,0,0,3,0,5,0,0,0,7,3,0,3
POA6642,0,0,0,0,0,0,0,0,0,5,12,0,15,3,0,3,20,21,0,40
POA6646,0,0,0,0,0,0,0,0,0,6,3,0,12,0,0,0,14,12,0,25
POA6701,0,8,0,0,0,8,9,6,19,59,34,10,107,9,3,17,117,88,10,215
POA6705,0,0,0,0,0,0,3,0,3,0,3,0,3,3,0,3,5,10,0,20
POA6707,0,3,0,0,0,0,0,0,6,21,21,3,47,5,3,4,51,21,0,69
POA6710,0,0,0,0,0,0,0,0,0,8,4,0,8,3,0,3,15,10,0,27
POA6711,0,0,0,0,0,0,0,0,0,0,0,0,0,0,0,0,0,0,0,0
POA6712,0,0,0,0,0,0,0,0,0,0,0,0,0,0,0,0,0,0,0,0
POA6713,0,0,0,0,0,0,0,0,0,13,0,0,9,0,0,0,9,9,0,17
POA6714,0,3,0,0,0,3,11,7,13,171,44,15,225,23,5,27,254,136,9,402
POA6716,0,0,0,0,0,0,0,0,0,7,0,0,6,0,0,0,6,4,0,13
POA6718,0,0,0,0,0,0,0,0,3,11,4,0,19,3,9,9,24,29,4,60
POA6720,0,0,0,0,0,0,0,0,0,29,9,3,47,0,0,0,46,7,0,54
POA6721,0,0,0,0,0,0,0,0,3,32,13,0,46,0,0,3,43,27,0,69
POA6722,0,0,0,0,0,0,8,4,8,98,39,15,151,9,3,20,169,125,9,298
POA6725,3,3,0,0,0,3,9,12,28,146,81,8,229,27,20,46,276,193,12,483
POA6726,0,3,0,0,0,7,5,3,13,62,38,8,112,7,7,10,129,105,10,241
POA6728,0,0,0,0,0,3,4,8,12,58,20,7,87,19,13,25,113,198,4,318
POA6731,0,0,0,0,0,0,0,0,0,0,0,0,0,0,0,0,0,0,0,0
POA6733,0,0,0,0,0,0,0,0,0,0,0,0,0,0,0,0,0,0,0,0
POA6740,0,0,0,0,0,0,3,5,9,11,9,3,24,10,0,8,33,48,5,85
POA6743,0,4,0,0,0,4,16,8,22,71,49,4,125,7,8,13,140,119,11,271
POA6751,0,0,0,0,0,0,0,3,3,34,13,5,47,5,3,12,54,15,3,71
POA6753,0,0,0,0,0,0,0,0,5,48,10,3,60,0,0,6,64,30,0,102
POA6754,0,0,0,0,0,0,0,0,0,22,5,0,27,0,0,0,27,0,0,28
POA6758,0,0,0,0,0,0,3,0,3,0,0,0,3,0,0,0,3,3,0,5
POA6760,0,0,0,0,0,0,0,3,3,0,9,0,9,5,0,5,9,14,3,29
POA6762,0,0,0,0,0,0,0,3,3,0,0,3,6,0,0,3,7,10,3,25
POA6765,0,0,0,0,0,0,3,0,3,16,8,3,32,10,3,8,44,64,5,110
POA6770,0,0,0,0,0,0,3,7,7,22,12,3,40,3,7,12,47,100,7,159
